company,model,year,engine_size,horsepower,torque,0to60,price
Porsche,911,2022,3.0,379,331,4.0,14.657
Lamborghini,Huracan,2021,5.2,630,443,2.8,27.439
Ferrari,488 GTB,2022,3.9,661,561,3.0,33.375
Audi,R8,2022,5.2,562,406,3.2,14.27
McLaren,720S,2021,4.0,710,568,2.7,29.8
BMW,M8,2022,4.4,617,553,3.1,13.0
Mercedes-Benz,AMG GT,2021,4.0,523,494,3.8,11.85
Chevrolet,Corvette,2021,6.2,490,465,2.8,5.99
Ford,Mustang Shelby GT500,2022,5.2,760,625,3.5,8.1
Nissan,GT-R Nismo,2021,3.8,600,481,2.5,21.2
Aston Martin,DB11,2021,5.2,630,516,3.5,20.1495
Bugatti,Chiron,2021,8.0,1500,1180,2.4,300.0
Dodge,Challenger SRT Hellcat,2022,6.2,717,656,3.5,6.1
Jaguar,F-Type,2022,3.0,296,295,5.4,7.01
Koenigsegg,Jesko,2021,5.0,1280,1015,2.5,280.0
Lexus,LC 500,2021,5.0,471,398,4.4,9.295
Lotus,Evora GT,2021,3.5,416,317,3.8,10.445
Maserati,GranTurismo,2021,4.7,454,384,4.8,15.0
Porsche,Boxster,2021,2.0,300,280,4.7,6.2
Alfa Romeo,Giulia Quadrifoglio,2022,2.9,505,443,3.8,7.8
Ariel,Atom,2021,2.0,320,243,2.8,7.5
Bentley,Continental GT,2021,6.0,626,664,3.6,22.5
McLaren,Artura,2022,3.0,671,531,3.0,22.5
Mercedes-AMG,SLS AMG,2021,6.2,622,468,3.5,24.8
Pagani,Huayra,2021,6.0,720,737,2.8,280.0
Polestar,1,2021,2.0,600,738,4.1,15.5
Porsche,Cayman GT4,2022,4.0,414,309,3.8,10.02
Lamborghini,Aventador SVJ,2021,6.5,759,531,2.8,51.777
Ferrari,SF90 Stradale,2021,4.0,986,590,2.5,62.5
Audi,RS7,2022,4.0,591,590,3.5,11.7
McLaren,Artura,2021,3.0,671,531,3.0,22.5
BMW,M4,2022,3.0,503,479,3.8,7.28
Mercedes-Benz,SLS AMG,2015,6.2,622,468,3.2,22.2
Chevrolet,Camaro ZL1,2021,6.2,650,650,3.5,6.4695
Ford,GT,2022,3.5,660,550,3.0,50.0
Nissan,370Z Nismo,2021,3.7,350,276,4.5,4.569
Lamborghini,Urus,2021,4.0,641,626,3.5,21.8
Ferrari,Roma,2021,3.9,611,561,3.3,22.2
Audi,RS3,2022,2.5,394,369,3.9,5.7
McLaren,GT,2021,4.0,612,465,3.1,21.0
Porsche,Cayman,2021,2.0,300,280,5.1,5.89
Lamborghini,Aventador SVJ,2021,6.5,759,531,2.8,51.8
Ferrari,SF90 Stradale,2021,4.0,986,590,2.5,62.5
Audi,RS3,2022,2.5,394,369,3.9,5.62
McLaren,570S,2021,3.8,562,443,2.8,19.25
BMW,M4,2022,3.0,503,479,3.8,7.18
Mercedes-Benz,AMG C63,2021,4.0,503,516,3.8,6.8
Chevrolet,Camaro SS,2021,6.2,455,455,4.1,4.25
Ford,Mustang GT,2022,5.0,460,420,4.3,3.9
Nissan,370Z Nismo,2021,3.7,350,276,4.8,4.61
Aston Martin,Vantage,2021,4.0,503,505,3.5,14.21
Lotus,Evora GT,2021,3.5,416,317,3.8,10.5
Porsche,Panamera,2021,2.9,325,331,5.1,8.72
Lamborghini,Urus,2021,4.0,641,627,3.2,21.8
Ferrari,Roma,2021,3.9,612,560,3.4,22.2
Audi,S5,2022,3.0,349,369,4.4,5.25
McLaren,600LT,2021,3.8,592,457,2.8,24.1
BMW,M5,2022,4.4,600,553,3.2,10.35
Aston Martin,Vantage,2022,4.0,503,505,3.5,14.6
Audi,RS5,2021,2.9,444,443,3.6,7.54
BMW,M2,2022,3.0,405,406,4.0,5.89
Chevrolet,Camaro SS,2021,6.2,455,455,4.0,4.29
Dodge,Challenger SRT Hellcat Redeye,2022,6.2,797,707,3.4,7.8595
Ford,GT,2021,3.5,660,550,3.0,50.0
Jaguar,F-Type,2022,2.0,296,295,5.4,6.275
Lamborghini,Aventador,2021,6.5,770,531,2.9,41.7826
Maserati,GranTurismo,2021,4.7,454,384,4.7,15.098
McLaren,Artura,2022,3.0,671,531,3.0,22.5
Mercedes-Benz,C63 AMG,2021,4.0,503,516,3.8,7.01
Nissan,370Z,2021,3.7,332,270,5.0,3.009
Porsche,Panamera,2022,2.9,325,331,5.3,8.87
Audi,TT RS,2021,2.5,394,354,3.6,6.76
BMW,M4,2022,3.0,473,406,4.1,7.28
Chevrolet,Corvette Stingray,2021,6.2,490,465,2.8,5.99
Ferrari,F8 Tributo,2021,3.9,710,568,2.8,27.428
Ford,Mustang Mach 1,2021,5.0,480,420,4.3,5.2915
Lamborghini,Urus,2021,4.0,641,627,3.6,21.8009
Porsche,718 Cayman,2022,2.0,300,280,4.5,6.1
Acura,NSX,2022,3.5,573,476,2.9,15.9495
Aston Martin,Vantage,2022,4.0,503,505,3.5,14.2086
Bentley,Continental GT,2021,6.0,626,664,3.3,21.98
Bugatti,Chiron,2022,8.0,1500,1180,2.4,300.0
Dodge,Challenger SRT Hellcat Redeye,2022,6.2,797,707,3.4,7.429
Jaguar,F-Type,2022,3.0,380,339,4.9,7.19
Koenigsegg,Jesko,2022,5.0,1600,1106,2.5,300.0
Lexus,LC 500,2022,5.0,471,398,4.4,9.295
Lotus,Evora GT,2021,3.5,416,317,3.8,10.5
Maserati,GranTurismo,2022,4.7,454,384,4.7,13.43
McLaren,GT,2022,4.0,620,465,3.1,21.3195
Mercedes-Benz,SLS AMG,2015,6.2,622,468,3.7,22.158
Pagani,Huayra,2022,6.0,764,738,2.8,280.0
Porsche,718 Cayman GT4,2022,4.0,414,309,4.2,10.055
Rolls-Royce,Wraith,2021,6.8,624,605,4.4,33.0
Toyota,Supra,2022,3.0,382,368,3.9,4.309
W Motors,Fenyr Supersport,2022,3.8,800,723,2.7,170.0
Porsche,718 Cayman,2022,2.0,300,280,4.7,6.05
Lamborghini,Aventador,2021,6.5,770,531,2.9,52.2
Ferrari,SF90 Stradale,2021,4.0,986,590,2.5,62.5
Audi,TT RS,2022,2.5,394,354,3.4,6.7
McLaren,GT,2021,4.0,612,465,3.1,21.25
BMW,M4,2022,3.0,503,479,3.8,7.5
Mercedes-Benz,SL 63 AMG,2021,4.0,603,664,3.5,15.5
Chevrolet,Camaro ZL1,2021,6.2,650,650,3.5,6.4
Ford,GT,2022,3.5,660,550,2.8,50.0
Nissan,370Z,2021,3.7,332,270,4.7,3.1015
Aston Martin,DBS Superleggera,2021,5.2,715,664,3.4,30.4995
Bugatti,Chiron,2021,8.0,1500,1180,2.4,300.0
Lotus,Evora GT,2021,3.5,416,317,3.8,10.5
McLaren,570S,2021,3.8,562,443,3.2,19.25
Porsche,Panamera Turbo S E-Hybrid,2021,4.0,690,642,3.2,19.0
Lamborghini,Urus,2021,4.0,641,627,3.6,22.2
Ferrari,Roma,2021,3.9,611,561,3.3,22.2
Audi,RS7,2021,4.0,591,590,3.5,11.5
BMW,M2,2022,3.0,405,406,4.2,5.9
Porsche,Cayman GT4,2022,4.0,414,309,4.2,10.21
Lamborghini,Aventador,2021,6.5,730,509,2.9,41.7826
Aston Martin,DBS Superleggera,2021,5.2,715,664,3.2,30.4995
Bentley,Continental GT,2021,6.0,626,664,3.6,22.03
Audi,RS7,2022,4.0,591,590,3.5,11.4
Mercedes-Benz,SLS AMG,2021,6.2,622,468,3.7,23.91
McLaren,570S,2021,3.8,562,443,3.1,19.25
BMW,M2,2022,3.0,405,406,4.0,5.89
Chevrolet,Camaro ZL1,2021,6.2,650,650,3.5,6.25
Dodge,Challenger SRT Hellcat,2021,6.2,717,656,3.5,6.529
Ferrari,Portofino,2021,3.9,592,560,3.5,21.975
Porsche,Panamera Turbo S,2022,4.0,620,604,2.9,18.77
Lamborghini,Urus,2021,4.0,641,627,3.6,22.2004
Mercedes-Benz,AMG C63,2021,4.0,469,479,3.8,7.135
Aston Martin,Vantage,2021,4.0,503,505,3.6,14.6
Audi,S5,2022,3.0,349,369,4.4,5.25
Porsche,Cayman,2022,2.5,365,309,4.5,6.89
Lamborghini,Aventador,2021,6.5,730,507,2.8,51.777
Ferrari,F8 Tributo,2022,3.9,710,568,2.9,27.655
Audi,TT RS,2021,2.5,394,354,3.6,6.76
McLaren,570S,2021,3.8,562,443,3.1,19.25
BMW,Z4 M40i,2022,3.0,382,369,3.9,6.37
Mercedes-Benz,SLS AMG,2015,6.2,622,468,3.7,22.158
Chevrolet,Camaro SS,2022,6.2,455,455,4.1,4.4
Ford,Mustang Mach 1,2021,5.0,480,420,4.0,5.172
Nissan,370Z Nismo,2021,3.7,350,276,4.9,4.579
Porsche,Panamera,2022,2.9,325,331,5.4,8.855
Lamborghini,Urus,2021,4.0,641,627,3.5,21.8009
Ferrari,Roma,2021,3.9,612,561,3.3,22.262
Audi,RS 3,2022,2.5,401,369,3.6,5.62
McLaren,GT,2021,4.0,612,465,3.2,20.0
BMW,M2 CS,2022,3.0,444,406,3.8,8.4595
Mercedes-Benz,AMG C63,2021,4.0,503,516,3.8,7.75
Chevrolet,Camaro ZL1,2021,6.2,650,650,3.5,6.25
Acura,NSX,2021,3.5,573,476,2.7,15.75
Aston Martin,DB11,2022,4.0,503,513,3.7,20.41
Bentley,Continental GT,2021,6.0,626,664,3.4,22.03
Bugatti,Chiron,2021,8.0,1500,1180,2.4,300.0
Dodge,Viper,2017,8.4,645,600,3.3,12.0
Jaguar,F-Type,2022,3.0,380,339,4.9,6.99
Koenigsegg,Jesko,2022,5.0,1600,1106,2.5,300.0
Lexus,LC 500,2022,5.0,471,398,4.4,9.295
Lotus,Evora GT,2021,3.5,416,317,3.8,10.595
Maserati,GranTurismo,2020,4.7,454,384,4.8,15.0
McLaren,570S,2020,3.8,562,443,3.1,20.455
Pagani,Huayra,2020,6.0,720,738,3.0,270.0
Porsche,Cayman GT4,2022,4.0,414,309,4.2,10.29
Rimac,C_Two,2022,,1914,1696,1.9,240.0
Rolls-Royce,Wraith,2021,6.6,624,605,4.3,33.0
Toyota,GR Supra,2022,3.0,382,368,3.9,4.309
TVR,Griffith,2022,5.0,500,479,3.8,12.35
W Motors,Lykan Hypersport,2015,3.7,780,708,2.8,340.0
Porsche,718 Cayman,2021,2.0,300,280,4.5,6.15
Lamborghini,Aventador SVJ,2021,6.5,770,531,2.8,51.8
Ferrari,SF90 Stradale,2022,4.0,986,590,2.5,50.7
Audi,RS 6,2021,4.0,591,590,3.5,10.9
McLaren,GT,2021,4.0,612,465,3.1,21.0
BMW,M2 CS,2022,3.0,444,406,3.8,8.4595
Mercedes-Benz,SLS AMG,2015,6.2,622,468,3.6,22.8
Chevrolet,Camaro SS,2021,6.2,455,455,4.0,4.2
Ford,GT,2022,3.5,660,550,2.8,50.0
Nissan,370Z Nismo,2021,3.7,350,276,5.0,4.5
Audi,RS 3,2022,2.5,401,354,3.5,5.6
McLaren,570S,2021,3.8,562,443,3.1,19.1
BMW,M5,2022,4.4,600,553,3.2,10.4
Mercedes-Benz,AMG C 63,2021,4.0,469,479,3.9,6.99
Chevrolet,Camaro ZL1,2021,6.2,650,650,3.5,6.4
Porsche,Taycan,2022,2.0,402,254,5.1,8.125
Lamborghini,Aventador,2021,6.5,730,509,2.9,51.77
Aston Martin,DBS Superleggera,2022,5.2,715,663,3.4,33.0
Audi,RS 6 Avant,2021,4.0,591,590,3.5,10.9
McLaren,600LT,2021,3.8,592,457,2.8,24.25
Mercedes-AMG,C 63 S Coupe,2022,4.0,503,516,3.7,7.7
BMW,M4,2022,3.0,473,406,4.1,7.28
Chevrolet,Camaro ZL1,2021,6.2,650,650,3.5,6.2
Dodge,Challenger SRT Hellcat Redeye,2022,6.2,797,707,3.5,7.6
Ford,GT,2022,3.5,660,550,2.9,50.0
Nissan,370Z,2021,3.7,332,270,4.9,3.009
Porsche,Panamera,2022,2.9,325,332,5.3,8.72
Lamborghini,Urus,2021,4.0,641,626,3.5,21.8
Bugatti,Chiron,2021,8.0,1500,1180,2.3,300.0
Ferrari,F8 Tributo,2021,3.9,710,568,2.9,27.428
Audi,RS 7,2021,4.0,591,590,3.5,11.4
McLaren,570S,2021,3.8,562,443,3.1,19.1
Aston Martin,Vantage,2022,4.0,503,505,3.5,14.2086
Jaguar,F-Type,2022,5.0,575,516,3.5,10.32
Porsche,Panamera Turbo S,2021,4.0,620,604,2.9,17.77
Lamborghini,Aventador S,2021,6.5,729,509,2.9,41.765
Ferrari,SF90 Stradale,2021,4.0,986,590,2.5,62.5
Audi,RS7,2022,4.0,591,590,3.5,11.5045
McLaren,600LT,2021,3.8,592,457,2.9,25.65
BMW,M2 Competition,2022,3.0,405,406,4.0,5.9895
Mercedes-Benz,S63 AMG,2021,4.0,603,664,3.4,15.25
Chevrolet,Camaro ZL1,2021,6.2,650,650,3.5,6.4695
Dodge,Challenger SRT Hellcat,2022,6.2,717,656,3.5,6.9995
Ford,GT,2022,3.5,660,550,2.9,50.0
Porsche,Taycan Turbo S,2021,,750,774,2.6,18.5
Lamborghini,Urus,2021,4.0,641,627,3.2,21.8009
Ferrari,812 Superfast,2021,6.5,789,530,2.9,36.373
Audi,R8 Spyder,2022,5.2,562,406,3.5,18.33
McLaren,GT,2021,4.0,612,465,3.1,21.0
BMW,M4,2022,3.0,473,406,4.1,7.3795
Mercedes-Benz,AMG GT R,2021,4.0,577,516,3.5,18.3
Chevrolet,Corvette Stingray,2021,6.2,495,470,2.9,6.0995
Aston Martin,DB11,2022,5.2,630,516,3.5,20.7
Bentley,Continental GT,2022,6.0,626,664,3.5,20.3825
Jaguar,F-Type R,2021,5.0,575,516,3.5,10.32
Acura,NSX,2022,3.5,573,476,2.7,15.75
Lotus,Evora GT,2021,3.5,416,317,3.7,9.98
Porsche,Cayman GT4,2021,4.0,414,309,4.2,10.02
Alfa Romeo,4C,2020,1.7,237,258,4.1,6.715
Audi,RS5,2022,2.9,444,443,3.7,7.725
BMW,M2 Competition,2021,3.0,405,406,4.0,5.89
Chevrolet,Camaro ZL1,2021,6.2,650,650,3.5,6.4695
Dodge,Charger SRT Hellcat,2022,6.2,717,650,3.6,7.149
Ford,GT,2022,3.5,660,550,2.8,50.0
Lexus,LC 500,2022,5.0,471,398,4.4,9.295
Maserati,GranTurismo,2020,4.7,454,384,4.8,15.04
Nissan,370Z Nismo,2021,3.7,350,276,4.6,4.782
Rolls-Royce,Wraith,2022,6.8,624,605,4.4,33.0
Subaru,WRX STI,2021,2.5,310,290,4.6,3.817
Tesla,Model S Plaid,2022,,1020,1050,1.9,13.119
Porsche,Cayman GT4,2021,4.0,414,309,4.2,10.2
Lamborghini,Aventador,2021,6.5,729,507,2.9,39.3695
Ferrari,Portofino,2022,3.9,591,413,3.3,21.875
Audi,RS7,2021,4.0,591,590,3.5,11.4
McLaren,600LT,2021,3.8,592,457,2.8,25.65
BMW,M2,2022,3.0,405,406,4.0,5.89
Mercedes-Benz,AMG GT,2021,4.0,523,494,3.8,11.85
Chevrolet,Camaro SS,2021,6.2,455,455,4.1,4.059
Ford,Mustang Mach 1,2021,5.0,480,420,4.0,5.272
Nissan,370Z Nismo,2021,3.7,350,276,4.6,4.5
Porsche,Panamera Turbo,2022,4.0,620,604,3.1,17.43
Lamborghini,Urus,2021,4.0,641,627,3.2,22.2004
Ferrari,SF90 Stradale,2022,4.0,986,590,2.5,62.5
Audi,TT RS,2022,2.5,394,354,3.4,6.7895
McLaren,GT,2021,4.0,612,465,3.1,21.0
Dodge,Challenger SRT Hellcat,2021,6.2,717,656,3.5,6.229
Aston Martin,DBS Superleggera,2021,5.2,715,663,3.2,30.4995
Jaguar,F-Type R,2021,5.0,575,516,3.5,10.32
Lexus,LC 500,2022,5.0,471,398,4.4,9.305
Porsche,Cayman GT4,2022,4.0,414,309,4.2,10.12
BMW,M2 Competition,2022,3.0,405,406,4.0,5.9895
Audi,RS 5 Coupe,2021,2.9,444,443,3.7,7.51
Chevrolet,Camaro ZL1,2021,6.2,650,650,3.5,6.4195
Lotus,Evora GT,2022,3.5,416,317,3.8,10.5
McLaren,GT,2021,4.0,612,465,3.1,21.1
Mercedes-Benz,SLS AMG Black Series,2014,6.2,622,468,3.5,27.5
Bugatti,Chiron,2021,8.0,1500,1180,2.4,299.8
Koenigsegg,Jesko,2021,5.0,1280,1015,2.5,300.0
Ferrari,SF90 Stradale,2021,4.0,986,590,2.5,62.5
Lamborghini,Aventador SVJ,2020,6.5,770,531,2.8,57.3966
Pagani,Huayra Roadster BC,2021,6.0,791,774,2.5,350.0
Aston Martin,Vantage,2021,4.0,503,505,3.5,14.6
Dodge,Challenger SRT Hellcat,2022,6.2,717,656,3.5,7.0
Jaguar,F-Type,2022,2.0,296,295,5.4,6.16
Kia,Stinger,2022,3.3,368,376,4.7,5.22
Lotus,Evora GT,2021,3.5,416,317,3.8,10.045
Maserati,GranTurismo,2021,4.7,454,384,4.8,13.43
Porsche,718 Cayman GT4,2022,4.0,414,309,4.2,10.255
Alfa Romeo,Giulia Quadrifoglio,2021,2.9,505,443,3.8,7.64
Audi,RS7,2021,4.0,591,590,3.5,11.4
BMW,M5,2022,4.4,600,553,3.2,10.35
Chevrolet,Camaro ZL1,2022,6.2,650,650,3.5,6.9
Ford,GT,2022,3.5,660,550,3.0,50.0
Lamborghini,Aventador,2021,6.5,770,531,2.8,41.7826
McLaren,Artura,2021,3.0,671,531,3.0,22.5
Mercedes-Benz,SLS AMG,2021,4.0,577,516,3.6,24.75
Nissan,370Z Nismo,2021,3.7,350,276,4.8,4.579
Aston Martin,DBS Superleggera,2022,5.2,715,664,3.2,30.782
Bentley,Continental GT,2022,4.0,542,568,3.4,20.7825
Bugatti,Chiron,2021,8.0,1479,1180,2.3,299.8
McLaren,570S,2021,3.8,562,443,3.1,20.25
Lamborghini,Aventador S,2021,6.5,730,509,2.9,41.7826
Ferrari,F8 Tributo,2022,3.9,710,568,2.8,27.655
Audi,RS 7,2022,4.0,591,590,3.5,11.4
BMW,M2 CS,2022,3.0,444,406,4.0,8.4595
Mercedes-Benz,SLS AMG,2021,6.2,622,468,3.2,27.5
Chevrolet,Camaro ZL1,2021,6.2,650,650,3.5,6.3
Ford,GT,2022,3.5,660,550,3.0,50.0
Jaguar,F-Type,2021,5.0,575,516,3.5,10.32
Lotus,Evora GT,2021,3.5,416,317,3.8,9.695
Maserati,GranTurismo,2022,4.7,454,384,4.8,13.43
McLaren,765LT,2021,4.0,755,590,2.8,35.8
Nissan,370Z,2021,3.7,332,270,5.0,3.0
Pagani,Huayra,2021,6.0,730,738,3.0,260.0
Porsche,Panamera Turbo S,2021,4.0,620,604,2.9,18.0
Aston Martin,DB11,2021,4.0,503,513,4.0,20.1495
Dodge,Challenger Hellcat Redeye,2022,6.2,797,707,3.4,8.219
Lotus,Evora,2021,3.5,416,317,3.8,9.695
Acura,NSX,2021,3.5,573,476,2.7,15.9495
Alfa Romeo,Giulia Quadrifoglio,2021,2.9,505,443,3.8,7.695
Bentley,Continental GT,2021,6.0,626,664,3.3,20.25
Jaguar,F-Type,2022,3.0,380,339,4.9,7.01
Koenigsegg,Jesko,2022,5.0,1280,1015,2.5,300.0
Lexus,LC 500,2021,5.0,471,398,4.4,9.295
Maserati,GranTurismo,2022,4.7,454,384,4.8,13.2795
McLaren,GT,2022,4.0,612,465,3.1,21.55
Mercedes-AMG,C 63 S Coupe,2022,4.0,503,516,3.7,8.09
Porsche,718 Cayman,2021,2.0,300,280,4.9,5.99
Rolls-Royce,Wraith,2021,6.8,624,605,4.3,33.0
Ford,GT,2022,3.5,660,550,3.0,50.0
Acura,NSX,2022,3.5,573,476,2.7,15.75
Aston Martin,DB11,2021,5.2,630,516,3.7,20.9
Bentley,Continental GT,2022,4.0,542,568,3.9,20.25
Bugatti,Chiron,2021,8.0,1500,1180,2.4,300.0
Dodge,Challenger Hellcat,2022,6.2,717,656,3.5,6.75
Jaguar,F-Type,2021,5.0,575,516,3.5,10.32
Koenigsegg,Jesko,2022,5.0,1280,1106,2.5,280.0
Lexus,LC,2021,5.0,471,398,4.4,9.295
Lotus,Evora GT,2021,3.5,416,317,3.8,10.42
Maserati,GranTurismo,2021,4.7,454,384,4.7,13.305
McLaren,570S,2021,3.8,562,443,3.1,19.635
Mercedes-Benz,AMG C63,2022,4.0,503,516,3.8,6.99
Pagani,Huayra BC,2021,6.0,791,774,2.7,260.0
Porsche,Cayman GT4,2022,4.0,414,309,4.2,10.29
Rolls-Royce,Wraith,2021,6.7,624,605,4.4,33.8
Acura,NSX,2022,3.5,573,476,2.7,15.75
Aston Martin,Vantage,2021,4.0,503,505,3.5,15.0
Bentley,Continental GT,2021,6.0,626,664,3.6,21.84
Dodge,Challenger SRT Hellcat Redeye,2021,6.2,797,707,3.5,7.3
Jaguar,F-Type R,2022,5.0,575,516,3.5,10.32
Lexus,LC 500,2021,5.0,471,398,4.4,9.295
Lotus,Evora GT,2021,3.5,416,317,3.8,10.497
Maserati,GranTurismo,2021,4.7,454,384,4.8,13.24
Porsche,Cayman GT4,2021,4.0,414,309,4.2,10.12
Alpine,A110,2021,1.8,288,236,4.4,7.15
Audi,RS7,2021,4.0,591,590,3.5,11.4
BMW,M4,2021,3.0,473,406,4.1,7.18
Chevrolet,Camaro ZL1,2021,6.2,650,650,3.5,6.4195
Dodge,Viper,2017,8.4,645,600,3.3,11.8795
Ferrari,Portofino,2021,3.9,591,560,3.5,21.875
Jaguar,F-Type,2022,3.0,296,295,5.4,6.16
Lamborghini,Aventador SVJ,2021,6.5,770,531,2.8,51.77
McLaren,600LT,2021,3.8,592,457,2.8,24.0
Aston Martin,DB11,2021,5.2,630,516,3.5,22.14
Bentley,Continental GT,2021,6.0,626,664,3.6,20.25
Bugatti,Chiron,2022,8.0,1500,1180,2.4,300.0
Dodge,Challenger SRT Hellcat,2021,6.2,717,656,3.5,6.41
Jaguar,F-Type R,2022,5.0,575,516,3.5,10.32
Koenigsegg,Jesko,2022,5.0,1280,1015,2.5,280.0
Lexus,LC 500,2021,5.0,471,398,4.4,9.295
Lotus,Evora GT,2021,3.5,416,317,3.8,10.045
Maserati,GranTurismo,2021,4.7,454,384,4.8,15.098
McLaren,Artura,2022,3.0,671,531,3.0,22.5
Mercedes-AMG,C 63 S,2022,4.0,503,516,3.7,8.155
Pagani,Huayra,2021,6.0,764,738,2.8,350.0
Porsche,Cayman GT4,2021,4.0,414,309,4.2,10.255
Rolls-Royce,Wraith,2021,6.6,624,642,4.4,33.0
Toyota,Supra,2022,3.0,382,368,3.9,4.309
Acura,NSX,2021,3.5,573,476,2.7,15.75
Aston Martin,Vantage,2021,4.0,503,505,3.5,14.6
Bentley,Continental GT,2022,4.0,542,568,3.9,20.7825
Dodge,Challenger SRT Hellcat,2021,6.2,717,656,3.5,6.4195
Jaguar,F-Type,2022,3.0,380,339,4.8,6.225
Lexus,LC 500,2022,5.0,471,398,4.4,9.2
Lotus,Evora GT,2021,3.5,416,317,3.8,10.5
Maserati,GranTurismo,2022,4.7,454,384,4.7,13.43
McLaren,570S,2022,3.8,562,443,2.9,20.455
Porsche,Cayman GT4,2021,4.0,414,309,4.2,10.2
Audi,RS 5,2021,2.9,444,443,3.5,7.51
BMW,M2 Competition,2022,3.0,405,406,4.0,5.9895
Chevrolet,Camaro ZL1,2021,6.2,650,650,3.5,6.4995
Dodge,Viper ACR,2017,8.4,645,600,3.3,12.619
Ford,GT,2021,3.5,660,550,2.9,50.0
Porsche,Taycan 4S,2022,2.5,482,472,3.8,10.29
Lamborghini,Aventador S,2021,6.5,730,509,2.9,41.765
Aston Martin,DB11,2021,5.2,630,516,3.5,20.5
Alfa Romeo,Giulia Quadrifoglio,2022,2.9,505,443,3.8,8.125
Audi,RS7 Sportback,2022,4.0,591,590,3.5,11.5045
BMW,M4 Competition,2021,3.0,503,479,3.9,7.5695
Chevrolet,Camaro SS,2022,6.2,455,455,4.1,4.2
Dodge,Charger Hellcat,2021,6.2,717,650,3.6,7.149
Ferrari,F8 Tributo,2021,3.9,710,568,2.9,27.428
Ford,GT,2021,3.5,660,550,2.8,50.0
Jaguar,F-Type R,2021,5.0,575,516,3.5,10.32
Lexus,LC 500,2021,5.0,471,398,4.4,9.305
McLaren,GT,2022,4.0,612,465,3.2,21.0
Mercedes-Benz,AMG GT Black Series,2021,4.0,720,590,3.2,32.605
Porsche,Cayman GT4,2021,4.0,414,309,4.2,10.25
Lamborghini,Aventador,2021,6.5,770,531,2.8,41.765
Ferrari,Portofino,2021,3.9,591,560,3.3,21.875
Audi,TT RS,2022,2.5,394,354,3.6,6.9
McLaren,600LT Spider,2021,3.8,592,457,2.8,25.65
BMW,M4,2022,3.0,473,406,4.1,7.28
Mercedes-Benz,AMG C 63,2022,4.0,503,516,3.8,7.0
Chevrolet,Camaro SS 1LE,2021,6.2,455,455,4.0,4.45
Ford,Mustang Mach 1,2021,5.0,480,420,4.0,5.1
Nissan,370Z Nismo,2021,3.7,350,276,5.2,4.5
Aston Martin,Vantage,2021,4.0,503,505,3.5,14.6
Bugatti,Chiron,2022,8.0,1500,1180,2.4,300.0
Koenigsegg,Jesko,2021,5.0,1262,1106,2.5,300.0
Pagani,Huayra,2021,6.0,764,738,2.6,260.0
McLaren,Speedtail,2021,4.0,1035,848,2.5,230.0
Lamborghini,Si√°n,2021,6.5,819,531,2.8,360.0
Porsche,Cayman,2022,2.0,300,280,4.9,5.99
Lamborghini,Aventador,2021,6.5,770,531,2.8,39.3695
Ferrari,Portofino,2021,3.9,591,413,3.5,21.5
Audi,RS 5,2022,2.9,444,443,3.7,7.51
McLaren,GT,2021,4.0,620,465,3.1,21.0
BMW,Z4 M40i,2022,3.0,382,369,4.3,6.37
Mercedes-Benz,SLC 43,2020,3.0,385,384,4.6,6.2
Chevrolet,Camaro SS,2022,6.2,455,455,4.3,4.25
Ford,Mustang GT,2022,5.0,460,420,4.3,3.612
Nissan,370Z Nismo,2020,3.7,350,276,4.6,4.579
Aston Martin,Vantage,2022,4.0,503,505,3.6,14.6
Bentley,Continental GT,2021,4.0,626,664,3.3,22.0
Porsche,718 Boxster,2022,2.0,300,280,4.9,6.2
Lamborghini,Urus,2021,4.0,641,627,3.6,22.2004
Ferrari,F8 Spider,2021,3.9,710,568,2.9,28.0
Audi,TT RS,2022,2.5,394,354,3.6,6.99
McLaren,570S,2021,3.8,562,443,2.9,20.88
BMW,M4,2022,3.0,473,406,4.0,7.28
Porsche,718 Cayman,2022,2.0,300,280,4.9,6.05
Lamborghini,Aventador,2021,6.5,730,509,2.9,39.3695
Ferrari,SF90 Stradale,2022,4.0,986,590,2.5,62.5
Audi,RS5,2022,2.9,444,443,3.7,7.51
McLaren,GT,2021,4.0,612,465,3.2,20.88
BMW,M2,2022,3.0,405,406,4.0,5.89
Mercedes-Benz,SLS AMG,2015,6.2,622,468,3.6,22.9
Chevrolet,Camaro ZL1,2021,6.2,650,650,3.5,6.2
Ford,GT,2022,3.5,660,550,3.0,50.0
Nissan,370Z Nismo,2020,3.7,350,276,5.2,4.62
Dodge,Challenger SRT Hellcat,2021,6.2,717,656,3.6,7.1
Aston Martin,DBS Superleggera,2021,5.2,715,663,3.2,30.8
Alfa Romeo,Giulia Quadrifoglio,2022,2.9,505,443,3.8,8.05
Jaguar,F-Type R,2021,5.0,575,516,3.5,10.59
Lotus,Evora GT,2020,3.5,416,317,3.8,9.695
Maserati,GranTurismo,2019,4.7,454,384,4.7,15.098
Porsche,Panamera Turbo S,2022,4.0,630,604,2.9,18.08
Lamborghini,Urus,2021,4.0,641,627,3.2,21.8
Aston Martin,Vantage,2021,4.0,503,505,3.5,14.6
Lotus,Evora,2021,3.5,416,317,3.8,9.4
Alfa Romeo,4C Spider,2020,1.7,237,258,4.1,6.715
Jaguar,F-Type,2022,3.0,380,339,4.9,7.09
Maserati,GranTurismo,2021,4.7,454,384,4.7,13.43
Porsche,Cayman GT4,2021,4.0,414,309,4.2,10.02
Audi,RS5 Coupe,2022,2.9,444,443,3.7,7.645
BMW,M2 Competition,2021,3.0,405,406,4.0,5.89
Chevrolet,Camaro ZL1,2022,6.2,650,650,3.5,6.4
Dodge,Challenger SRT Hellcat,2022,6.2,717,656,3.5,6.15
Ford,GT,2021,3.5,647,550,2.8,50.0
Lexus,LC 500,2022,5.0,471,398,4.4,9.295
McLaren,570S,2022,3.8,562,443,3.1,19.895
Mercedes-AMG,C63 S Coupe,2021,4.0,503,516,3.7,7.795
Nissan,370Z Nismo,2021,3.7,350,276,4.9,4.579
Porsche,718 Boxster,2021,2.0,300,280,4.9,6.2
Lamborghini,Aventador S,2021,6.5,729,507,2.9,41.7826
Ferrari,F8 Tributo,2021,3.9,710,568,2.9,27.428
Audi,TT RS Coupe,2021,2.5,394,354,3.6,6.76
BMW,M4 Coupe,2021,3.0,473,406,3.8,7.18
Acura,NSX,2021,3.5,573,476,2.7,15.9495
Aston Martin,DBS Superleggera,2022,5.2,715,664,3.4,31.45
Bentley,Continental GT,2022,6.0,626,664,3.3,21.4425
Bugatti,Chiron,2022,8.0,1500,1180,2.3,300.0
Dodge,Challenger SRT Hellcat,2022,6.2,717,656,3.5,7.149
Jaguar,F-Type,2021,5.0,575,516,3.5,10.59
Koenigsegg,Jesko,2021,5.0,1280,1106,2.5,280.0
Lexus,LC 500,2021,5.0,471,398,4.4,9.295
Lotus,Evora GT,2021,3.5,416,317,3.8,10.44
Maserati,GranTurismo,2022,4.7,454,384,4.7,15.098
McLaren,Artura,2022,3.0,671,531,3.0,22.5
Pagani,Huayra,2021,6.0,764,738,2.6,260.0
Porsche,Cayman GT4,2022,4.0,414,309,4.2,10.2
Rolls-Royce,Wraith,2021,6.8,624,605,4.4,33.555
Toyota,GR Supra,2022,3.0,382,368,3.9,4.309
TVR,Griffith,2021,5.0,500,420,3.9,15.75
Ultima,RS,2021,6.2,1200,1300,2.3,22.0
W Motors,Fenyr SuperSport,2022,3.8,800,723,2.7,155.0
Acura,NSX,2021,3.5,573,476,2.9,15.75
Aston Martin,DBS Superleggera,2022,5.2,715,663,3.2,30.8
Bentley,Continental GT,2021,6.0,626,664,3.6,20.25
Bugatti,Chiron,2021,8.0,1500,1180,2.3,300.0
Dodge,Challenger SRT Hellcat,2021,6.2,717,656,3.5,6.5
Jaguar,F-Type,2021,3.0,380,339,4.9,6.31
Lexus,LC 500,2021,5.0,471,398,4.4,9.295
Maserati,GranTurismo,2021,4.7,454,384,4.8,13.43
McLaren,Artura,2022,3.0,671,531,3.0,22.5
Mercedes-Benz,AMG GT Black Series,2021,4.0,720,590,3.1,32.5
Chevrolet,Camaro ZL1,2021,6.2,650,650,3.5,6.3
Ford,GT,2021,3.5,647,550,3.0,50.0
Aston Martin,DBS Superleggera,2021,5.2,715,664,3.4,30.782
Jaguar,F-Type,2022,5.0,575,516,3.5,10.32
Dodge,Challenger SRT Hellcat Redeye,2021,6.2,797,707,3.5,8.019
Lotus,Evora GT,2022,3.5,416,317,3.8,10.5
Alfa Romeo,4C Spider,2020,1.8,237,258,4.1,6.8745
Subaru,WRX STI,2022,2.5,310,290,5.2,3.817
Acura,NSX,2022,3.5,573,476,2.7,15.75
Koenigsegg,Jesko,2021,5.0,1280,1015,2.5,280.0
Bugatti,Chiron Super Sport 300+,2022,8.0,1578,1180,2.3,520.0
McLaren,Senna,2020,4.0,789,590,2.7,150.0
Mercedes-Benz,SLS AMG Black Series,2014,6.2,622,468,3.5,27.5
Lexus,LC 500,2022,5.0,471,398,4.4,9.305
Chevrolet,Camaro ZL1,2022,6.2,650,650,3.5,6.5
Audi,RS 7 Sportback,2022,4.0,591,590,3.5,11.4
Ford,GT,2022,3.5,660,550,3.0,50.0
BMW,M2 CS,2022,3.0,444,406,3.8,8.4595
Porsche,Cayman GT4,2022,4.0,414,309,4.2,10.255
Lamborghini,Aventador,2022,6.5,770,531,2.8,39.3695
Aston Martin,Vantage,2021,4.0,503,505,3.6,14.6
Lotus,Evora GT,2021,3.5,416,317,3.8,9.695
Porsche,Panamera Turbo S,2021,4.0,620,604,2.9,18.0
Lamborghini,Aventador S,2022,6.5,729,507,2.9,46.0247
Ferrari,SF90 Stradale,2021,4.0,986,590,2.5,62.5
Audi,RS 6 Avant,2022,4.0,591,590,3.1,11.0045
McLaren,570S,2021,3.8,562,443,3.1,19.25
BMW,M5,2022,4.4,600,553,3.2,10.35
Mercedes-Benz,AMG C 63 S,2021,4.0,503,516,3.7,7.74
Chevrolet,Camaro ZL1,2021,6.2,650,650,3.5,6.4695
Dodge,Challenger SRT Hellcat,2021,6.2,717,656,3.5,6.4195
Ford,GT,2021,3.5,660,550,3.0,50.0
Nissan,370Z Nismo,2020,3.7,350,276,5.0,4.6815
Porsche,Cayman GT4,2021,4.0,414,309,4.2,10.255
Audi,TT RS,2021,2.5,394,354,3.6,6.7895
Chevrolet,Corvette Z06,2023,5.5,625,650,2.6,8.5
Lamborghini,Urus,2022,4.0,641,626,3.2,21.8009
Mercedes-Benz,AMG GT 63 S,2021,4.0,630,664,3.1,16.29
Ferrari,Portofino M,2022,3.9,612,560,3.5,24.5
Bugatti,Chiron,2021,8.0,1479,1180,2.5,300.0
Aston Martin,DBS Superleggera,2021,5.2,715,664,3.4,30.4995
Lotus,Evora GT,2021,3.5,416,317,3.8,10.045
Porsche,Cayman GT4,2022,4.0,414,309,4.2,10.02
Acura,NSX,2021,3.5,573,476,2.7,15.75
Lexus,LC,2021,5.0,471,398,4.4,9.295
Alfa Romeo,Giulia Quadrifoglio,2021,2.9,505,443,3.8,7.475
Audi,RS7,2021,4.0,591,590,3.5,11.4
Bentley,Continental GT,2021,6.0,626,664,3.3,21.84
BMW,M5,2021,4.4,600,553,3.2,10.35
Chevrolet,Camaro ZL1,2021,6.2,650,650,3.5,6.4695
Dodge,Challenger Hellcat,2021,6.2,717,656,3.5,7.0595
Ford,GT,2022,3.5,647,550,3.0,50.0
Jaguar,F-Type R,2021,5.0,575,516,3.5,10.32
Lamborghini,Aventador,2021,6.5,730,509,2.9,39.3695
McLaren,570S,2021,3.8,562,443,3.1,20.35
Mercedes-Benz,SLS AMG,2015,6.2,583,479,3.6,22.158
Nissan,370Z Nismo,2020,3.7,350,276,4.7,4.719
Porsche,Boxster,2021,2.0,300,280,4.9,6.2
Porsche,718 Cayman,2022,2.0,300,280,4.9,6.15
Lamborghini,Aventador,2021,6.5,759,531,2.9,39.3695
Ferrari,Roma,2021,3.9,612,561,3.3,22.263
Audi,RS 5,2022,2.9,444,442,3.5,7.54
McLaren,570S,2020,3.8,562,443,3.1,20.8
BMW,M2,2022,3.0,405,406,4.2,5.89
Mercedes-Benz,SL,2022,3.0,429,384,4.9,9.625
Chevrolet,Camaro,2021,6.2,455,455,4.0,2.5
Ford,GT,2022,3.5,660,550,3.0,50.0
Nissan,370Z Nismo,2021,3.7,350,276,5.0,4.5
Aston Martin,DBS Superleggera,2021,5.2,715,664,3.4,30.782
Lotus,Evora GT,2021,3.5,416,317,3.8,10.045
Maserati,GranTurismo,2021,4.7,454,384,4.7,13.43
Porsche,Panamera,2022,2.9,325,331,5.2,8.855
Lamborghini,Urus,2021,4.0,641,627,3.6,21.8009
Ferrari,SF90 Stradale,2021,4.0,986,590,2.5,62.5
Audi,RS 6,2022,4.0,591,590,3.5,10.9
McLaren,Artura,2022,3.0,671,531,3.0,22.5
Lamborghini,Aventador S,2021,6.5,730,509,2.9,41.765
Ferrari,SF90 Stradale,2021,4.0,986,590,2.5,62.5
Audi,RS 7,2022,4.0,591,590,3.5,11.7
McLaren,570S,2021,3.8,562,443,3.1,19.25
BMW,M4,2021,3.0,473,406,4.0,7.28
Mercedes-Benz,SLS AMG,2015,6.2,622,468,3.5,22.8
Chevrolet,Camaro SS,2021,6.2,455,455,4.0,4.2
Ford,GT,2021,3.5,660,550,3.0,50.0
Nissan,370Z Nismo,2021,3.7,350,276,5.0,4.8
Aston Martin,DBS Superleggera,2021,5.2,715,664,3.2,30.782
Lexus,LC 500,2021,5.0,471,398,4.4,9.3
Bentley,Continental GT,2021,4.0,626,664,3.3,20.25
Maserati,GranTurismo,2021,4.7,454,384,4.7,15.098
Rolls-Royce,Dawn,2021,6.6,563,605,4.3,34.63
Bugatti,Chiron Pur Sport,2021,8.0,1500,1180,2.3,359.9
McLaren,Senna,2019,4.0,789,590,2.7,105.0
Acura,NSX,2021,3.5,573,476,2.7,15.75
Aston Martin,DB11,2021,4.0,503,498,3.7,20.56
Audi,RS7,2021,4.0,591,590,3.5,11.4
Bentley,Continental GT,2021,6.0,626,664,3.6,20.1
Bugatti,Chiron,2021,8.0,1500,1180,2.5,300.0
Chevrolet,Camaro ZL1,2022,6.2,650,650,3.5,6.7
Dodge,Challenger Hellcat,2021,6.2,717,656,3.5,6.4
Ferrari,812 Superfast,2021,6.5,789,530,2.8,34.0
Lamborghini,Aventador SVJ,2021,6.5,770,531,2.8,51.777
McLaren,600LT Spider,2021,3.8,592,457,2.8,25.65
Mercedes-AMG,GT Black Series,2021,4.0,720,590,3.1,32.5
Nissan,400Z,2023,3.0,400,350,4.0,4.0
Porsche,Cayman GT4,2021,4.0,414,309,4.2,10.1
Rolls-Royce,Wraith,2021,6.8,624,605,4.4,33.0
Toyota,Supra,2021,3.0,382,368,3.9,4.3
Porsche,718 Boxster,2021,2.0,300,280,4.9,6.2
Porsche,718 Boxster,2022,2.0,300,280,4.9,6.2
Lamborghini,Aventador S,2021,6.5,730,509,2.9,41.7826
Ferrari,SF90 Stradale,2022,4.0,986,590,2.5,62.5
Audi,RS 7,2022,4.0,591,590,3.5,11.4
McLaren,Artura,2021,3.0,671,531,3.0,22.5
BMW,M2,2022,3.0,405,406,4.1,5.89
Mercedes-Benz,SLS AMG,2015,6.2,583,479,3.6,22.158
Chevrolet,Camaro ZL1,2021,6.2,650,650,3.5,6.4695
Ford,GT,2022,3.5,647,550,3.0,50.0
Nissan,370Z Nismo,2021,3.7,350,276,4.8,4.5
Dodge,Charger Hellcat,2021,6.2,707,650,3.6,6.9995
Aston Martin,DBS Superleggera,2021,5.2,715,663,3.2,30.5
Alfa Romeo,Giulia Quadrifoglio,2021,2.9,505,443,3.8,7.5
Audi,TT RS,2021,2.5,394,354,3.6,6.8
Bentley,Continental GT,2021,6.0,626,664,3.6,20.3825
BMW,M5,2022,4.4,600,553,3.2,10.35
Chevrolet,Corvette Stingray,2021,6.2,495,470,2.9,5.89
Dodge,Challenger SRT Hellcat,2021,6.2,717,656,3.5,6.3
Ford,Mustang GT,2022,5.0,460,420,4.0,4.5
Porsche,Cayman,2022,2.0,300,280,4.9,5.99
Lamborghini,Aventador,2021,6.5,770,531,2.8,41.7826
Ferrari,Roma,2022,3.9,612,560,3.3,22.263
Audi,RS7,2022,4.0,591,590,3.5,11.4
McLaren,570S,2021,3.8,562,443,2.7,20.4995
BMW,M4,2022,3.0,473,406,4.1,7.18
Mercedes-Benz,SLS AMG,2021,6.2,622,468,3.5,24.36
Chevrolet,Camaro SS,2021,6.2,455,455,4.0,4.2
Ford,GT,2022,3.5,660,550,2.8,50.0
Nissan,370Z Nismo,2021,3.7,350,276,5.0,4.719
Porsche,Panamera,2022,2.9,325,331,5.4,8.855
Lamborghini,Urus,2021,4.0,641,627,3.2,21.8
Ferrari,SF90 Stradale,2021,4.0,986,590,2.5,62.5
Audi,RS6,2022,4.0,591,590,3.5,11.3
McLaren,Artura,2021,3.0,671,531,3.0,22.5
BMW,M2,2022,3.0,405,406,4.0,5.89
Mercedes-Benz,GT 63,2021,4.0,577,590,3.3,16.12
Chevrolet,Camaro ZL1,2021,6.2,650,650,3.5,6.3
Aston Martin,DBS Superleggera,2021,5.2,715,663,3.2,31.0
Bugatti,Chiron,2022,8.0,1500,1180,2.4,300.0
Koenigsegg,Jesko,2021,5.0,1280,1106,2.5,280.0
Pagani,Huayra,2021,6.0,764,737,3.0,260.0
McLaren,Senna,2021,4.0,789,590,2.7,100.0
Ferrari,SF90 Stradale,2021,4.0,986,590,2.5,62.5
Lamborghini,Aventador SVJ,2020,6.5,759,531,2.8,51.7
Audi,RS 6 Avant,2021,4.0,591,590,3.5,11.0
Bentley,Continental GT Speed,2022,6.0,650,664,3.5,30.0
Chevrolet,Camaro ZL1,2021,6.2,650,650,3.5,6.8
Dodge,Challenger SRT Hellcat,2021,6.2,717,656,3.5,6.5
Ford,GT,2021,3.5,660,550,2.9,50.0
Lexus,LC 500,2022,5.0,471,398,4.4,9.2
Lotus,Evija,2022,,1972,1254,2.5,270.0
Mercedes-AMG,GT Black Series,2021,4.0,720,590,3.1,33.0
Aston Martin,DB11,2021,4.0,503,513,3.9,20.5
Bentley,Continental GT,2022,4.0,542,568,3.9,22.9
Jaguar,F-Type,2022,2.0,296,295,5.4,6.275
Lotus,Evora GT,2021,3.5,416,317,3.8,10.0
Maserati,GranTurismo,2021,4.7,454,384,4.7,13.5
Porsche,Boxster,2022,2.0,300,280,4.9,6.3
Alfa Romeo,4C,2020,1.8,237,258,4.2,6.715
Chevrolet,Camaro,2022,6.2,455,455,4.0,6.2195
Ford,GT,2022,3.5,660,550,2.9,50.0
Audi,RS7,2022,4.0,591,590,3.5,11.5045
BMW,M4,2022,3.0,473,406,4.1,7.18
Lamborghini,Aventador,2021,6.5,729,507,2.9,39.3695
Mercedes-Benz,AMG C 63,2021,4.0,469,479,3.8,6.99
Nissan,370Z,2021,3.7,350,276,5.3,3.009
Porsche,Cayman,2022,2.0,300,280,4.9,6.8
BMW,i8,2022,1.5,369,184,4.2,14.75
Chevrolet,Corvette Stingray,2021,6.2,495,470,2.9,5.89
Lamborghini,Aventador S,2021,6.5,729,507,2.9,41.765
Ferrari,SF90 Stradale,2022,4.0,986,590,2.5,62.5
Audi,RS7,2022,4.0,591,590,3.5,11.5
McLaren,GT,2022,4.0,620,465,3.1,20.8
BMW,M5,2022,4.4,600,553,3.2,10.35
Mercedes-Benz,SLS AMG,2021,4.0,730,590,2.9,25.0
Chevrolet,Camaro ZL1,2021,6.2,650,650,3.5,6.3
Ford,GT,2022,3.5,660,550,2.8,50.0
Nissan,370Z Nismo,2021,3.7,350,276,5.0,4.61
Porsche,Panamera Turbo S,2022,4.0,630,604,3.1,18.0
Lamborghini,Urus,2021,4.0,641,627,3.2,21.8
Ferrari,Portofino,2022,3.9,591,561,3.4,25.0
Audi,TT RS,2022,2.5,394,354,3.6,7.0
McLaren,570S,2021,3.8,562,443,3.1,20.0
Ferrari,Portofino,2022,3.9,612,561,3.3,24.5
Audi,TT RS,2022,2.5,394,354,3.6,6.78
McLaren,GT,2022,4.0,620,465,3.1,21.13
BMW,M4,2022,3.0,473,406,4.1,7.18
Mercedes-Benz,SLS AMG,2015,6.2,622,468,3.5,22.25
Chevrolet,Camaro SS,2022,6.2,455,455,4.0,4.3995
Ford,GT,2022,3.5,660,550,2.9,50.0
Nissan,370Z Nismo,2021,3.7,350,276,4.8,4.579
Porsche,911 Turbo S,2022,3.8,640,590,2.6,20.8
McLaren,765LT,2021,4.0,755,590,2.8,35.8
Lamborghini,Urus,2021,4.0,641,627,3.6,21.8009
Mercedes-AMG,GT Black Series,2021,4.0,720,590,3.1,32.5
BMW,M5 Competition,2022,4.4,617,553,3.1,10.35
Audi,RS7,2022,4.0,591,590,3.5,11.5
Aston Martin,Vantage,2022,4.0,503,505,3.5,15.2995
Ferrari,F8 Spider,2021,3.9,710,568,2.9,27.428
Lexus,LC 500,2022,5.0,471,398,4.4,10.255
Porsche,Taycan,2022,,469,479,3.8,7.99
Lamborghini,Aventador SVJ,2021,6.5,759,531,2.8,51.777
Ferrari,SF90 Stradale,2021,4.0,986,590,2.5,62.5
Audi,RS6 Avant,2021,4.0,591,590,3.5,10.9
McLaren,600LT Spider,2021,3.8,592,457,2.8,25.65
BMW,M4,2022,3.0,473,406,3.8,7.18
Mercedes-Benz,AMG GT R,2021,4.0,577,516,3.5,18.0
Chevrolet,Camaro ZL1,2021,6.2,650,650,3.5,6.4695
Ford,GT,2022,3.5,660,550,3.0,50.0
Nissan,370Z Nismo,2021,3.7,350,276,5.0,4.8
Porsche,Panamera Turbo S E-Hybrid,2021,4.0,690,642,3.0,19.0
Lamborghini,Urus,2021,4.0,641,627,3.5,21.8
Ferrari,Portofino M,2021,3.9,612,561,3.4,23.5
Audi,TT RS,2022,2.5,394,354,3.6,6.76
McLaren,Artura,2022,3.0,671,531,3.0,22.5
BMW,M2 CS,2022,3.0,444,406,3.8,8.4595
Mercedes-Benz,SLS AMG Black Series,2021,6.2,622,468,3.5,33.5
Chevrolet,Camaro SS,2021,6.2,455,455,4.0,4.2
Porsche,718 Boxster,2022,2.0,300,280,4.9,6.3
Lamborghini,Aventador SVJ,2020,6.5,759,531,2.8,57.3966
Ferrari,SF90 Stradale,2022,4.0,986,590,2.5,62.5
Audi,TT RS Coupe,2022,2.5,394,354,3.5,6.8
McLaren,GT,2020,4.0,612,465,3.1,21.0
BMW,Z4 Roadster,2022,2.0,255,295,5.2,5.0
Mercedes-Benz,SLS AMG,2015,6.2,622,468,3.6,20.0
Chevrolet,Camaro SS Convertible,2022,6.2,455,455,4.0,4.9
Ford,GT,2021,3.5,660,550,2.9,50.0
Nissan,370Z Coupe,2020,3.7,332,270,5.0,3.009
Aston Martin,Vantage,2021,4.0,503,505,3.6,14.2086
Bentley,Continental GT,2022,6.0,626,664,3.3,22.5
Bugatti,Chiron,2021,8.0,1479,1180,2.4,300.0
Dodge,Challenger SRT Hellcat,2022,6.2,717,656,3.5,6.8
Jaguar,F-Type,2022,2.0,296,295,5.4,6.37
Lotus,Evora GT,2021,3.5,416,317,3.8,10.0
Maserati,GranTurismo,2022,4.7,454,384,4.7,15.098
Aston Martin,DBS Superleggera,2021,5.2,715,664,3.2,30.4995
Lotus,Evora GT,2021,3.5,416,317,3.8,9.8395
Porsche,Panamera Turbo S E-Hybrid,2021,4.0,689,642,3.0,19.0
Lamborghini,Aventador SVJ,2021,6.5,759,531,2.8,51.7
Ferrari,SF90 Stradale,2021,4.0,986,590,2.5,62.5
Audi,RS7,2022,4.0,591,590,3.5,11.7
Mercedes-Benz,S63 AMG,2021,4.0,603,664,3.4,16.8
Chevrolet,Camaro ZL1,2021,6.2,650,650,3.5,6.45
Ford,GT,2021,3.5,660,550,2.8,50.0
Nissan,370Z Nismo,2021,3.7,350,276,4.7,4.6
Porsche,718 Cayman GT4,2022,4.0,414,309,4.2,10.2
Mercedes-AMG,C63 S Coupe,2021,4.0,503,516,3.7,7.75
Aston Martin,Vantage,2021,4.0,503,505,3.5,14.7
McLaren,570S,2021,3.8,562,443,3.1,19.3
BMW,M5,2022,4.4,600,553,3.2,10.35
Dodge,Challenger SRT Hellcat,2021,6.2,717,656,3.5,6.4
Lexus,LC 500,2021,5.0,471,398,4.4,9.295
Mercedes-AMG,GT 63 S,2021,4.0,630,664,3.1,16.2
Audi,TT RS,2021,2.5,394,354,3.6,6.76
Acura,NSX,2021,3.5,573,476,2.9,15.75
Porsche,Cayman GT4,2021,4.0,414,309,4.2,10.2
Lamborghini,Aventador S,2021,6.5,730,509,2.9,41.7826
Ferrari,SF90 Stradale,2021,4.0,986,590,2.5,62.5
Audi,RS 5,2022,2.9,444,443,3.5,7.67
McLaren,570S Spider,2020,3.8,562,443,3.1,20.88
BMW,M2 Competition,2022,3.0,405,406,4.2,5.89
Mercedes-Benz,C 63 AMG,2022,4.0,469,479,3.9,6.9
Chevrolet,Camaro SS,2021,6.2,455,455,4.0,4.2
Ford,Mustang GT,2022,5.0,460,420,4.5,4.3
Dodge,Challenger R/T,2021,5.7,372,400,5.1,3.5
Aston Martin,Vantage,2021,4.0,503,505,3.6,15.1
Lotus,Evora GT,2021,3.5,416,317,3.8,10.5
Alfa Romeo,4C Spider,2020,1.7,237,258,4.1,6.9
Jaguar,F-Type,2022,2.0,296,295,5.4,6.25
Koenigsegg,Jesko,2022,5.0,1600,1106,2.5,300.0
Porsche,Cayman GT4,2022,4.0,414,309,4.2,10.21
Chevrolet,Camaro ZL1,2022,6.2,650,650,3.5,6.3
Alfa Romeo,Giulia Quadrifoglio,2022,2.9,505,443,3.8,8.325
Dodge,Challenger SRT Hellcat,2021,6.2,717,656,3.5,6.5
Lexus,LC 500,2022,5.0,471,398,4.4,9.305
Audi,RS 7 Sportback,2021,4.0,591,590,3.5,11.4
BMW,M4 Competition,2022,3.0,503,479,3.8,7.47
Mercedes-Benz,C63 S AMG,2022,4.0,503,516,3.9,7.76
Ford,GT,2022,3.5,660,550,2.9,50.0
McLaren,GT,2021,4.0,620,465,3.1,21.0
Porsche,Panamera Turbo S,2022,4.0,630,604,2.9,18.11
Lamborghini,Aventador S,2021,6.5,730,507,2.9,41.7826
Aston Martin,DBS Superleggera,2022,5.2,715,664,3.2,32.91
Audi,TT RS,2022,2.5,394,354,3.6,6.76
Mercedes-Benz,AMG C43 Coupe,2021,3.0,385,384,4.5,5.99
BMW,i8,2022,1.5,369,184,4.2,14.75
Chevrolet,Corvette Stingray,2021,6.2,490,465,2.9,5.99
Lamborghini,Aventador,2021,6.5,730,509,2.9,51.7
Ferrari,Roma,2021,3.9,611,560,3.3,22.262
Audi,RS7,2022,4.0,591,590,3.5,11.5
BMW,M2,2022,3.0,405,406,4.2,5.89
Mercedes-Benz,C63 AMG,2021,4.0,469,479,3.9,7.7
Chevrolet,Camaro SS,2021,6.2,455,455,4.1,4.3995
Ford,Mustang Mach 1,2021,5.0,480,420,4.1,5.172
Nissan,370Z Nismo,2021,3.7,350,276,4.8,4.661
Porsche,Panamera,2022,2.9,325,331,5.3,8.855
Lamborghini,Urus,2021,4.0,641,627,3.6,21.8009
Audi,RS6,2022,4.0,591,590,3.5,12.0
McLaren,570S,2021,3.8,562,443,3.1,19.25
BMW,M4,2022,3.0,503,479,3.8,7.4
Mercedes-Benz,AMG A45,2021,2.0,382,354,4.0,5.0
Chevrolet,Camaro ZL1,2021,6.2,650,650,3.5,6.3995
Acura,NSX,2021,3.5,573,476,2.7,15.75
Aston Martin,Vantage,2021,4.0,503,505,3.5,14.2086
Bentley,Continental GT,2021,4.0,542,568,3.3,20.25
Bugatti,Chiron,2022,8.0,1479,1180,2.4,290.0
Ferrari,F8 Tributo,2022,3.9,710,568,2.8,27.5
Lamborghini,Aventador,2021,6.5,730,509,2.9,51.7
McLaren,GT,2021,4.0,612,465,3.1,20.15
Mercedes-Benz,AMG GT R,2021,4.0,577,516,3.5,18.3
Audi,RS7,2021,4.0,591,590,3.5,11.4
BMW,M4,2021,3.0,473,406,4.1,7.18
Chevrolet,Camaro ZL1,2021,6.2,650,650,3.5,6.3
Dodge,Challenger SRT Hellcat Redeye,2022,6.2,797,707,3.5,8.019
Ford,GT,2022,3.5,660,550,2.8,50.0
Jaguar,F-Type,2021,3.0,380,339,4.4,6.275
Lexus,LC 500,2021,5.0,471,398,4.4,9.2
Nissan,370Z,2021,3.7,332,270,5.0,3.009
Rolls-Royce,Ghost,2021,6.8,563,627,4.6,33.25
Porsche,Taycan,2021,2.0,402,254,5.1,8.125
Aston Martin,DB11,2021,4.0,630,516,3.7,19.8995
Lotus,Evora GT,2021,3.5,416,317,3.8,10.5
Acura,NSX,2022,3.5,573,476,2.7,15.75
Chevrolet,Camaro,2022,6.2,455,455,4.0,2.5
Dodge,Charger,2021,6.2,797,707,3.3,7.2
Jaguar,F-Type,2021,3.0,380,339,4.9,6.275
Lexus,LC 500,2021,5.0,471,398,4.4,9.3
BMW,M4,2022,3.0,473,406,4.1,7.18
Ford,GT,2021,3.5,660,550,2.9,50.0
Maserati,GranTurismo,2021,4.7,454,384,4.7,15.098
McLaren,600LT,2021,3.8,592,457,2.8,25.65
Mercedes-Benz,SLS AMG,2021,6.2,622,468,3.6,25.4995
Nissan,370Z,2021,3.7,332,270,5.2,3.0
Audi,RS 7,2021,4.0,591,590,3.4,11.4
Bentley,Continental GT,2021,4.0,542,568,3.9,22.0
Bugatti,Chiron,2021,8.0,1500,1180,2.4,300.0
Porsche,Cayman,2022,2.0,300,280,4.5,5.99
Aston Martin,Vantage,2021,4.0,503,505,3.5,14.7
Alfa Romeo,4C Spider,2020,1.7,237,258,4.1,6.715
Audi,RS 5,2022,2.9,444,443,3.5,7.51
BMW,M2,2022,3.0,405,406,4.0,5.89
Dodge,Challenger SRT Hellcat,2021,6.2,717,656,3.5,6.0695
Ferrari,F8 Spider,2022,3.9,710,568,2.9,27.439
Jaguar,F-Type,2021,3.0,296,295,5.4,6.47
Lamborghini,Aventador,2021,6.5,759,531,2.9,51.777
Lexus,LC 500,2022,5.0,471,398,4.4,9.295
Lotus,Evora GT,2021,3.5,416,317,3.8,9.999
Maserati,GranTurismo,2021,4.7,454,384,4.7,15.08
McLaren,GT,2021,4.0,612,465,3.1,21.0
Mercedes-Benz,AMG C 63,2021,4.0,469,479,3.8,6.76
Nissan,370Z Nismo,2021,3.7,350,276,4.5,4.579
Porsche,Panamera,2022,2.9,325,331,5.3,8.88
Subaru,WRX STI,2021,2.5,310,290,5.2,3.817
Porsche,718 Cayman,2022,2.0,300,280,4.9,6.15
Lamborghini,Aventador,2021,6.5,729,509,2.9,39.3695
Ferrari,SF90 Stradale,2022,4.0,986,590,2.5,62.5
Audi,RS5 Coupe,2022,2.9,444,443,3.5,7.635
McLaren,570S,2021,3.8,562,443,3.1,20.2
BMW,M2,2022,3.0,405,406,4.0,5.89
Mercedes-Benz,SL,2022,3.0,429,384,4.4,9.6
Chevrolet,Camaro,2021,6.2,455,455,4.0,2.5
Ford,GT,2022,3.5,660,550,2.8,50.0
Nissan,370Z,2021,3.7,332,270,5.3,3.3
Alfa Romeo,Giulia Quadrifoglio,2021,2.9,505,443,3.8,7.525
Aston Martin,DB11,2022,4.0,630,516,3.7,20.1495
Bentley,Continental GT,2021,6.0,626,664,3.3,20.1
Dodge,Challenger,2021,6.4,485,475,3.8,6.2
Jaguar,F-Type R,2022,5.0,575,516,3.5,10.32
Lexus,LC 500,2022,5.0,471,398,4.4,9.295
Lotus,Evora GT,2021,3.5,416,317,3.8,9.9
Maserati,GranTurismo,2021,4.7,454,384,4.7,15.0
Porsche,Cayman GT4,2021,4.0,414,309,4.2,10.25
Aston Martin,Vantage,2022,4.0,503,505,3.5,14.9995
Dodge,Charger SRT Hellcat,2022,6.2,717,650,3.5,7.8595
Audi,RS 7,2021,4.0,591,590,3.5,11.4
Chevrolet,Camaro SS,2022,6.2,455,455,4.1,3.75
Ford,Mustang GT,2022,5.0,460,420,4.0,3.85
Jaguar,F-Type R,2022,5.0,575,516,3.5,10.32
Lexus,LC 500,2022,5.0,471,398,4.4,9.295
McLaren,570S,2021,3.8,562,443,3.1,20.88
Mercedes-Benz,AMG C63,2022,4.0,469,479,3.8,7.145
Nissan,370Z Nismo,2021,3.7,350,276,4.9,4.782
Porsche,Panamera GTS,2021,4.0,473,457,3.9,13.415
Audi,TT RS,2022,2.5,394,354,3.6,6.76
BMW,M4,2021,3.0,473,406,3.8,7.18
Ferrari,F8 Tributo,2021,3.9,710,568,2.8,27.428
Lamborghini,Aventador,2021,6.5,770,531,2.9,39.3695
McLaren,GT,2021,4.0,612,465,3.1,25.0
Mercedes-Benz,AMG GT 4-Door Coupe,2021,4.0,630,664,3.1,17.12
Aston Martin,DBS Superleggera,2022,5.2,715,663,3.4,32.1
Lotus,Evora GT,2021,3.5,416,317,3.8,10.05
McLaren,570S,2021,3.8,562,443,3.1,19.5
Lamborghini,Aventador SVJ,2021,6.5,759,531,2.8,51.777
Ford,GT,2021,3.5,660,550,3.0,50.0
Audi,RS7 Sportback,2022,4.0,591,590,3.5,11.4
BMW,M4,2022,3.0,473,406,4.1,7.28
Mercedes-AMG,C63 S,2022,4.0,503,516,3.7,7.81
Chevrolet,Camaro ZL1,2021,6.2,650,650,3.5,6.3
Dodge,Charger Hellcat,2021,6.2,717,650,3.6,7.0
Alfa Romeo,Giulia Quadrifoglio,2021,2.9,505,443,3.8,7.845
Ferrari,SF90 Stradale,2021,4.0,986,590,2.5,62.5
Lamborghini,Urus,2021,4.0,641,627,3.6,22.2
Ford,Mustang Mach 1,2021,5.0,480,420,4.0,5.2915
Porsche,911,2022,3.0,379,331,4.0,10.12
Lamborghini,Huracan,2021,5.2,630,443,2.8,27.439
Ferrari,488 GTB,2022,3.9,661,561,3.0,33.375
Audi,R8,2022,5.2,562,406,3.2,14.27
McLaren,720S,2021,4.0,710,568,2.7,29.8
BMW,M8,2022,4.4,617,553,3.1,13.0
Mercedes-Benz,AMG GT,2021,4.0,523,494,3.8,11.85
Chevrolet,Corvette,2021,6.2,490,465,2.8,5.99
Ford,Mustang Shelby GT500,2022,5.2,760,625,3.5,8.1
Nissan,GT-R Nismo,2021,3.8,600,481,2.5,21.2
Dodge,Challenger SRT Hellcat,2021,6.2,717,656,3.5,6.4195
Aston Martin,Vantage,2021,4.0,503,505,3.6,14.7
Bugatti,Chiron,2022,8.0,1500,1180,2.5,390.0
Koenigsegg,Jesko,2022,5.0,1280,1015,2.5,300.0
Pagani,Huayra,2021,6.0,764,740,2.8,260.0
Maserati,MC20,2021,3.0,621,538,2.9,21.0
Porsche,Cayman,2021,2.0,300,280,5.1,5.99
Lamborghini,Aventador,2021,6.5,730,509,2.9,39.3695
Ferrari,SF90 Stradale,2021,4.0,986,590,2.5,62.5
Audi,RS 5,2021,2.9,444,443,3.5,7.51
McLaren,GT,2022,4.0,612,465,3.1,21.0
BMW,M2,2021,3.0,405,406,4.0,5.89
Mercedes-Benz,SLS AMG,2021,6.3,622,468,3.6,25.45
Chevrolet,Camaro,2021,6.2,455,455,4.0,2.5
Ford,Mustang,2021,2.3,310,350,5.3,2.7205
Nissan,370Z,2021,3.7,332,270,5.1,3.009
Aston Martin,Vantage,2021,4.0,503,505,3.6,14.6
Bugatti,Chiron,2021,8.0,1479,1180,2.4,300.0
Koenigsegg,Jesko,2022,5.0,1280,1106,2.5,300.0
McLaren,Senna,2021,4.0,789,590,2.7,100.0
Pagani,Huayra,2021,6.0,764,738,3.0,260.0
